{
    "load": {
        "memory": {
            "unit": "MB",
            "max_ram": 5188.440064,
            "max_global_vram": 22951.493632,
            "max_process_vram": 4638.900224,
            "max_reserved": null,
            "max_allocated": null
        },
        "latency": {
            "unit": "s",
            "count": 1,
            "total": 28.486248277000414,
            "mean": 28.486248277000414,
            "stdev": 0.0,
            "p50": 28.486248277000414,
            "p90": 28.486248277000414,
            "p95": 28.486248277000414,
            "p99": 28.486248277000414,
            "values": [
                28.486248277000414
            ]
        },
        "throughput": null,
        "energy": {
            "unit": "kWh",
            "cpu": 0.0007118129481871923,
            "ram": 0.00047433589285654894,
            "gpu": 0.0003419299957659952,
            "total": 0.0015280788368097365
        },
        "efficiency": null
    },
    "prefill": {
        "memory": {
            "unit": "MB",
            "max_ram": 955.469824,
            "max_global_vram": 22951.493632,
            "max_process_vram": 236.978176,
            "max_reserved": null,
            "max_allocated": null
        },
        "latency": {
            "unit": "s",
            "count": 181,
            "total": 10.016830106005727,
            "mean": 0.055341602795611754,
            "stdev": 0.0005639269830961476,
            "p50": 0.05535602899999503,
            "p90": 0.055967534000046726,
            "p95": 0.05614046100072301,
            "p99": 0.05661002779997943,
            "values": [
                0.05477318699922762,
                0.055692551999527495,
                0.05479038799967384,
                0.055703900000480644,
                0.05525741099972947,
                0.055253475999961665,
                0.05450528499932261,
                0.05486259900044388,
                0.05578298199998244,
                0.05573619599999802,
                0.05456735400002799,
                0.05534178899961262,
                0.0559395210002549,
                0.05500160999963555,
                0.05531402600081492,
                0.055720714999552,
                0.05535602899999503,
                0.055550541000229714,
                0.05555905700020958,
                0.054434675999800675,
                0.055475409999417025,
                0.05532165200020245,
                0.05525689300066006,
                0.05522454600031779,
                0.05559618400002364,
                0.05556776499997795,
                0.05500254300022789,
                0.055247614000109024,
                0.05534192000050098,
                0.05543814700013172,
                0.05530641700079286,
                0.055486593999376055,
                0.05502194499968027,
                0.055729788999997254,
                0.05499030400005722,
                0.055696602999887546,
                0.055126362999544654,
                0.05572624800061021,
                0.05607309700008045,
                0.05532599000071059,
                0.05553170099938143,
                0.05548251799973514,
                0.05578881099972932,
                0.055293888000051084,
                0.05558170499989501,
                0.05822284000078071,
                0.054620210000393854,
                0.056882027000028756,
                0.055835781000496354,
                0.05544649000057689,
                0.05515381300028821,
                0.05565367400049581,
                0.05601767500047572,
                0.05470044600042456,
                0.05605587599984574,
                0.054713231999812706,
                0.05569168500005617,
                0.055449892999604344,
                0.05514677000064694,
                0.05403234200002771,
                0.055366518000482756,
                0.05539537000004202,
                0.055087425000238,
                0.05435931099964364,
                0.05614046100072301,
                0.055967534000046726,
                0.0548032360002253,
                0.05467025600046327,
                0.054650410000249394,
                0.056210224999631464,
                0.054583039000135614,
                0.05514294600016001,
                0.05558915399979014,
                0.055748366999978316,
                0.055304268000327284,
                0.056020647999503126,
                0.0543923299992457,
                0.055268357999921136,
                0.05570619500031171,
                0.05537217999972199,
                0.05458090100000845,
                0.055925278999893635,
                0.056349010999838356,
                0.055464867999944545,
                0.05597462900004757,
                0.05531881800015981,
                0.05592505100048584,
                0.05579272900013166,
                0.05531422999956703,
                0.05465536900010193,
                0.056083438000314345,
                0.05567468699973688,
                0.05525587499960238,
                0.05550889999994979,
                0.05524629100000311,
                0.05599125299977459,
                0.055548885999996855,
                0.05506214799970621,
                0.05447366399948805,
                0.05615722899983666,
                0.055919125999935204,
                0.05443381399982172,
                0.05508492499939166,
                0.05528476500057877,
                0.05590778800069529,
                0.05526332099998399,
                0.055748464000316744,
                0.054960817000392126,
                0.05555236999953195,
                0.05564600900015648,
                0.05556454199995642,
                0.05401193699981377,
                0.05582121699990239,
                0.056158604999836825,
                0.055634524000197416,
                0.05558427699997992,
                0.05533892199946422,
                0.055732573000568664,
                0.055502680000245164,
                0.05547013299928949,
                0.05491367100057687,
                0.055880195000099775,
                0.05548730600003182,
                0.055288765000113926,
                0.055425294999622565,
                0.05519967500003986,
                0.05521111699999892,
                0.05509780000011233,
                0.054691647000254306,
                0.05546463299924653,
                0.055500001000837074,
                0.055641289000050165,
                0.055641236000155914,
                0.05463071299982403,
                0.05588649899982556,
                0.05626089299948944,
                0.05460402500011696,
                0.05571458599933976,
                0.0556727969997155,
                0.055900252999890654,
                0.055289922000156366,
                0.05616056300004857,
                0.05485840800065489,
                0.05609110699970188,
                0.05549072900066676,
                0.055203306000294106,
                0.05552984200039646,
                0.0558150309998382,
                0.05557648400008475,
                0.0555939390005733,
                0.05576460900010716,
                0.05487979000008636,
                0.056542027999967104,
                0.055780016999960935,
                0.055040473000190104,
                0.0555279550007981,
                0.05538397799955419,
                0.05533291699975962,
                0.054696945000614505,
                0.05521525800031668,
                0.0543548039995585,
                0.05525834699983534,
                0.05467844599934324,
                0.05509395700028108,
                0.05427517399948556,
                0.055121196000072814,
                0.054614426000625826,
                0.0547012340002766,
                0.05476744699990377,
                0.05499102999965544,
                0.05486040800042247,
