{
    "load": {
        "memory": {
            "unit": "MB",
            "max_ram": 6025.732096,
            "max_global_vram": 19023.527936,
            "max_process_vram": 10263.461888,
            "max_reserved": null,
            "max_allocated": null
        },
        "latency": {
            "unit": "s",
            "count": 1,
            "total": 157.12074072200005,
            "mean": 157.12074072200005,
            "stdev": 0.0,
            "p50": 157.12074072200005,
            "p90": 157.12074072200005,
            "p95": 157.12074072200005,
            "p99": 157.12074072200005,
            "values": [
                157.12074072200005
            ]
        },
        "throughput": null,
        "energy": {
            "unit": "kWh",
            "cpu": 0.0050530626707606845,
            "ram": 0.0033675810893053926,
            "gpu": 0.00232324491415,
            "total": 0.010743888674216077
        },
        "efficiency": null
    },
    "prefill": {
        "memory": {
            "unit": "MB",
            "max_ram": 590.282752,
            "max_global_vram": 19023.527936,
            "max_process_vram": 236.978176,
            "max_reserved": null,
            "max_allocated": null
        },
        "latency": {
            "unit": "s",
            "count": 95,
            "total": 10.035617379000541,
            "mean": 0.1056380776736899,
            "stdev": 0.0005935217664060084,
            "p50": 0.10568607600009727,
            "p90": 0.10624817279999661,
            "p95": 0.10652457619999041,
            "p99": 0.10714552396000954,
            "values": [
                0.10398087700002634,
                0.10373646200002895,
                0.10580837600002724,
                0.10548278700002811,
                0.10593324000001303,
                0.10494315999994797,
                0.10579267399998571,
                0.1054019559999233,
                0.10499093900000389,
                0.10549019399991266,
                0.10529905800001416,
                0.10547627599999032,
                0.1047396320000189,
                0.1055568960000528,
                0.10617203100002826,
                0.10535512100000233,
                0.10455385800003114,
                0.10616952099996979,
                0.1056446870001082,
                0.10480353200000536,
                0.10469388499996057,
                0.10582281000006333,
                0.10538981900003819,
                0.10533177699994667,
                0.10568607600009727,
                0.1055680700000039,
                0.10588674500002071,
                0.10521355700007007,
                0.10627971999997499,
                0.10488046299997222,
                0.10475560299994413,
                0.1053710260000571,
                0.10650686299993595,
                0.10541494100004911,
                0.1051927319999777,
                0.10567087599997649,
                0.10571374500000275,
                0.10544716799995513,
                0.1054904869999973,
                0.10552084899995862,
                0.10576331699996899,
                0.10550065199993242,
                0.10575895100009802,
                0.10593023699993864,
                0.10563857299996471,
                0.1046743570000217,
                0.1054459050000105,
                0.10518402800005333,
                0.10571762500001114,
                0.1060177780000231,
                0.10610571500001242,
                0.10593090099996516,
                0.1055673260000276,
                0.10713071800000762,
                0.10569574900000589,
                0.10519583600000715,
                0.10588137199999892,
                0.10574870899995403,
                0.10605128399993191,
                0.10609049300001061,
                0.10593789600000036,
                0.10582146200010811,
                0.1053018280000515,
                0.10561903699999675,
                0.1060987880000539,
                0.10508866300006048,
                0.10619150400009403,
                0.10611661200005074,
                0.10585860799994862,
                0.10480662999998458,
                0.10614689700003055,
                0.1060193949999757,
                0.10492864800005464,
                0.10610218499994062,
                0.10651517899998453,
                0.10605129800001123,
                0.10577558199997839,
                0.10587298099994769,
                0.10620085200002904,
                0.10531132999994952,
                0.10495016400000168,
                0.10628470200003903,
                0.10517022300007284,
                0.10685148300001401,
                0.10643776900008106,
                0.10544518500000777,
                0.1053139729999657,
                0.10575016600000708,
                0.1066666780000105,
                0.10502479699994183,
                0.10737748400003966,
                0.10604188199999953,
                0.10573547000001327,
                0.10654650300000412,
                0.10605751000002783
            ]
        },
        "throughput": {
            "unit": "tokens/s",
            "value": 9693.474384900097
        },
        "energy": {
            "unit": "kWh",
            "cpu": 3.713537580014402e-06,
            "ram": 2.4742570357697046e-06,
            "gpu": 4.446093982404251e-06,
            "total": 1.0633888598188356e-05
        },
        "efficiency": {
            "unit": "tokens/kWh",
            "value": 96295911.93709269
        }
    },
    "decode": {
        "memory": {
            "unit": "MB",
            "max_ram": 590.282752,
            "max_global_vram": 19023.527936,
            "max_process_vram": 236.978176,
            "max_reserved": null,
            "max_allocated": null
        },
        "latency": {
            "unit": "s",
            "count": 10,
            "total": 13.999421751263057,
            "mean": 1.399942175126306,
            "stdev": 0.002910886993640784,
            "p50": 1.3995267058263028,
            "p90": 1.402561810326289,
            "p95": 1.4047340368263395,
            "p99": 1.40647181802638,
            "values": [
                1.40690626332639,
                1.4020790933262777,
                1.39872062532629,
                1.3979092263263044,
                1.396657177326232,
                1.3963917943262902,
                1.399108332326249,
                1.3999450793263566,
                1.4012361713263306,
                1.4004679883263396
            ]
        },
        "throughput": {
            "unit": "tokens/s",
            "value": 282.86882632439585
        },
        "energy": {
            "unit": "kWh",
            "cpu": 4.884492921209223e-05,
            "ram": 3.2548219398308644e-05,
            "gpu": 5.809720605219584e-05,
            "total": 0.0001394903546625967
        },
        "efficiency": {
            "unit": "tokens/kWh",
            "value": 2838905.9656336545
        }
    },
    "per_token": {
        "memory": null,
        "latency": null,
        "throughput": null,
        "energy": null,
        "efficiency": null
    }
}